Gales - Cardiff
Bermudas - hamilton
Tokelau - Fakaofo/atafu/nukunonu
Territorio turco del norte de chipre - nicosia del norte
Macao - Macao
Islas cayman - GeorgeTown
Islas virgenes britanicas - Roadtown
Pitcairn - adamstown
Kosovo - pristina
niue - alofi
territorio britanico del oceano indico - Camp Thunder Cove
Santa helena - jamestown
aland - mariehamn
aruba - oranjestad
nueva caledonia - numea
islas virgenes de los estados unidos  - Charlotte Amalie
guadalupe - basseterre
Tristan da cunha - edimburgo de los siete mares
guayana francesa - cayena
sint marteen - Philipsburg
islas feroe - torshavn
san eustaquio - oranjestad
**
union europea - bruselas
**
groenlandia - nuuk
curazao - Willemstad
isla ascension - georgetown
samoa americana - pago pago
islas marianas del norte - saipan
tierras antarticas francesas -  Saint-Pierre/Port aux France
isla de man - douglas
hong kong - hong kong
palestina - jerusalen/ramallah
san bartolome - gustavia
islas cocos - west island
islas turcas y caicos - cockburn town
isla norfolk - kingston
reunion - san denis
polinesia francesa - papeete
martinica - fort de france
**
esuatini - mbabane/lobamba
**
irlanda del norte - belfast
**
islas georgias sur y sandwich del sur - Base King Edward Point
**
bonaire - Kralendijk
**
islas malvinas - stanley/puerto argentino
**
islas canarias - santa cruz de tenerife/las palmas de gran canaria
**
guernsey - Saint Peter Port
montserrat - plymouth/brades
isla de pascua - hanga roa 
puerto rico - san juan
anguila - el valle
mayotte - mamoudzou
wallis y futuna - Mata-Utu
isla de navidad - Flying Fish Cove 
gibraltar - gibraltar
guam - agaña
san pedro y miquelon - san pedro
islas cook - avarua
isla de saba - the bottom
jersey - saint helier
transnistria - tiraspol
svalbard - longyearbyen
somalilandia - Hargeisa
sealand - Fort Rough's
san martin (francia) - Marigot
sahara occidental - El aaiún
osetia del sur  -Tsjinvali
kurdistan - Erbil
islas juan fernandez - San Juan Bautista
artsaj - Khankendi
acrotiri y dhekelia - Episkopí
abjasia - Sujumi

**
esuatini - mbabane/lobamba
irlanda del norte - belfast
bonaire - Kralendijk
islas canarias - santa cruz de tenerife/las palmas de gran canaria
union europea - bruselas
Gales - Cardiff